location,.y.,group1,group2,n1,n2,statistic,p,p.adj,p.adj.signif,kw_p_value,kw_p_adj,kw_significant,pairwise_significant
GeneBody,fraction,lamella,spore,12,7,-3.3021499430370373,9.594676533266419e-4,0.002878402959979926,**,0.0033021996790264492,0.0033021996790264492,TRUE,TRUE
GeneBody,fraction,lamella,stipe,12,7,-1.8883454084562643,0.0589795950273028,0.0884693925409542,ns,0.0033021996790264492,0.0033021996790264492,TRUE,FALSE
GeneBody,fraction,spore,stipe,7,7,1.257941804066302,0.20841280368414858,0.20841280368414858,ns,0.0033021996790264492,0.0033021996790264492,TRUE,FALSE
Intergenic,fraction,lamella,spore,12,7,-3.6130560328175316,3.026092779259537e-4,9.078278337778611e-4,***,0.0011270448056414169,0.0011270448056414169,TRUE,TRUE
Intergenic,fraction,lamella,stipe,12,7,-2.0028897573227624,0.04518912273686109,0.06778368410529163,ns,0.0011270448056414169,0.0011270448056414169,TRUE,FALSE
Intergenic,fraction,spore,stipe,7,7,1.432655943519955,0.15195618574341055,0.15195618574341055,ns,0.0011270448056414169,0.0011270448056414169,TRUE,FALSE
TE,fraction,lamella,spore,12,7,-2.997789244620343,0.002719456637722613,0.004079184956583919,**,9.36690459759512e-5,9.36690459759512e-5,TRUE,TRUE
TE,fraction,lamella,stipe,12,7,-3.9795979491903246,6.903191409628742e-5,2.0709574228886223e-4,***,9.36690459759512e-5,9.36690459759512e-5,TRUE,TRUE
TE,fraction,spore,stipe,7,7,-0.8735706972682654,0.38235208985751523,0.38235208985751523,ns,9.36690459759512e-5,9.36690459759512e-5,TRUE,FALSE
